Position,Mutated Sequence,SMILES,Energy Score
35,EVQLVESGGGLVQPGGSLRLSCAASGFTFRSFGMXWVRQAPGKEPEWVSSISGSGSDTLYADSVKGRFTISRDNAKTTLYLQMNSLKPEDTAVYYCTIGGSLSRSSQGTQVTVSSLPE,N[C@H](C(=O)[O-])C(c1ccccc1)c1ccccc1,-1.5056043501040581
61,EVQLVESGGGLVQPGGSLRLSCAASGFTFRSFGMSWVRQAPGKEPEWVSSISGSGSDTLYXDSVKGRFTISRDNAKTTLYLQMNSLKPEDTAVYYCTIGGSLSRSSQGTQVTVSSLPE,N[C@H](C(=O)[O-])C(c1ccccc1)c1ccccc1,-1.1218194631280831
62,EVQLVESGGGLVQPGGSLRLSCAASGFTFRSFGMSWVRQAPGKEPEWVSSISGSGSDTLYAXSVKGRFTISRDNAKTTLYLQMNSLKPEDTAVYYCTIGGSLSRSSQGTQVTVSSLPE,N[C@H](C(=O)[O-])C(c1ccccc1)c1ccccc1,-0.9926648467969759
50,EVQLVESGGGLVQPGGSLRLSCAASGFTFRSFGMSWVRQAPGKEPEWVSXISGSGSDTLYADSVKGRFTISRDNAKTTLYLQMNSLKPEDTAVYYCTIGGSLSRSSQGTQVTVSSLPE,N[C@H](C(=O)[O-])C(c1ccccc1)c1ccccc1,-0.6785554074987108
53,EVQLVESGGGLVQPGGSLRLSCAASGFTFRSFGMSWVRQAPGKEPEWVSSISXSGSDTLYADSVKGRFTISRDNAKTTLYLQMNSLKPEDTAVYYCTIGGSLSRSSQGTQVTVSSLPE,N[C@H](C(=O)[O-])C(c1ccccc1)c1ccccc1,-0.42267346155985186
57,EVQLVESGGGLVQPGGSLRLSCAASGFTFRSFGMSWVRQAPGKEPEWVSSISGSGSXTLYADSVKGRFTISRDNAKTTLYLQMNSLKPEDTAVYYCTIGGSLSRSSQGTQVTVSSLPE,N[C@H](C(=O)[O-])C(c1ccccc1)c1ccccc1,-0.314760140367341
26,EVQLVESGGGLVQPGGSLRLSCAASXFTFRSFGMSWVRQAPGKEPEWVSSISGSGSDTLYADSVKGRFTISRDNAKTTLYLQMNSLKPEDTAVYYCTIGGSLSRSSQGTQVTVSSLPE,N[C@H](C(=O)[O-])C(c1ccccc1)c1ccccc1,-0.1276144460291911
54,EVQLVESGGGLVQPGGSLRLSCAASGFTFRSFGMSWVRQAPGKEPEWVSSISGXGSDTLYADSVKGRFTISRDNAKTTLYLQMNSLKPEDTAVYYCTIGGSLSRSSQGTQVTVSSLPE,N[C@H](C(=O)[O-])C(c1ccccc1)c1ccccc1,-0.07624791104974168
99,EVQLVESGGGLVQPGGSLRLSCAASGFTFRSFGMSWVRQAPGKEPEWVSSISGSGSDTLYADSVKGRFTISRDNAKTTLYLQMNSLKPEDTAVYYCTIXGSLSRSSQGTQVTVSSLPE,N[C@H](C(=O)[O-])C(c1ccccc1)c1ccccc1,-0.07058136508860119
3,EVXLVESGGGLVQPGGSLRLSCAASGFTFRSFGMSWVRQAPGKEPEWVSSISGSGSDTLYADSVKGRFTISRDNAKTTLYLQMNSLKPEDTAVYYCTIGGSLSRSSQGTQVTVSSLPE,N[C@H](C(=O)[O-])C(c1ccccc1)c1ccccc1,-0.048771048391236096
59,EVQLVESGGGLVQPGGSLRLSCAASGFTFRSFGMSWVRQAPGKEPEWVSSISGSGSDTXYADSVKGRFTISRDNAKTTLYLQMNSLKPEDTAVYYCTIGGSLSRSSQGTQVTVSSLPE,N[C@H](C(=O)[O-])C(c1ccccc1)c1ccccc1,0.010535189862899984
103,EVQLVESGGGLVQPGGSLRLSCAASGFTFRSFGMSWVRQAPGKEPEWVSSISGSGSDTLYADSVKGRFTISRDNAKTTLYLQMNSLKPEDTAVYYCTIGGSLXRSSQGTQVTVSSLPE,N[C@H](C(=O)[O-])C(c1ccccc1)c1ccccc1,0.035796279903019104
46,EVQLVESGGGLVQPGGSLRLSCAASGFTFRSFGMSWVRQAPGKEPXWVSSISGSGSDTLYADSVKGRFTISRDNAKTTLYLQMNSLKPEDTAVYYCTIGGSLSRSSQGTQVTVSSLPE,N[C@H](C(=O)[O-])C(c1ccccc1)c1ccccc1,0.08711068862016999
104,EVQLVESGGGLVQPGGSLRLSCAASGFTFRSFGMSWVRQAPGKEPEWVSSISGSGSDTLYADSVKGRFTISRDNAKTTLYLQMNSLKPEDTAVYYCTIGGSLSXSSQGTQVTVSSLPE,N[C@H](C(=O)[O-])C(c1ccccc1)c1ccccc1,0.10581806218631548
14,EVQLVESGGGLVQXGGSLRLSCAASGFTFRSFGMSWVRQAPGKEPEWVSSISGSGSDTLYADSVKGRFTISRDNAKTTLYLQMNSLKPEDTAVYYCTIGGSLSRSSQGTQVTVSSLPE,N[C@H](C(=O)[O-])C(c1ccccc1)c1ccccc1,0.11632740755416668
38,EVQLVESGGGLVQPGGSLRLSCAASGFTFRSFGMSWVXQAPGKEPEWVSSISGSGSDTLYADSVKGRFTISRDNAKTTLYLQMNSLKPEDTAVYYCTIGGSLSRSSQGTQVTVSSLPE,N[C@H](C(=O)[O-])C(c1ccccc1)c1ccccc1,0.1178198617638772
4,EVQXVESGGGLVQPGGSLRLSCAASGFTFRSFGMSWVRQAPGKEPEWVSSISGSGSDTLYADSVKGRFTISRDNAKTTLYLQMNSLKPEDTAVYYCTIGGSLSRSSQGTQVTVSSLPE,N[C@H](C(=O)[O-])C(c1ccccc1)c1ccccc1,0.1211347566129187
94,EVQLVESGGGLVQPGGSLRLSCAASGFTFRSFGMSWVRQAPGKEPEWVSSISGSGSDTLYADSVKGRFTISRDNAKTTLYLQMNSLKPEDTAVXYCTIGGSLSRSSQGTQVTVSSLPE,N[C@H](C(=O)[O-])C(c1ccccc1)c1ccccc1,0.12253409757979701
60,EVQLVESGGGLVQPGGSLRLSCAASGFTFRSFGMSWVRQAPGKEPEWVSSISGSGSDTLXADSVKGRFTISRDNAKTTLYLQMNSLKPEDTAVYYCTIGGSLSRSSQGTQVTVSSLPE,N[C@H](C(=O)[O-])C(c1ccccc1)c1ccccc1,0.1321444584436136
111,EVQLVESGGGLVQPGGSLRLSCAASGFTFRSFGMSWVRQAPGKEPEWVSSISGSGSDTLYADSVKGRFTISRDNAKTTLYLQMNSLKPEDTAVYYCTIGGSLSRSSQGTQXTVSSLPE,N[C@H](C(=O)[O-])C(c1ccccc1)c1ccccc1,0.16091234028843987
10,EVQLVESGGXLVQPGGSLRLSCAASGFTFRSFGMSWVRQAPGKEPEWVSSISGSGSDTLYADSVKGRFTISRDNAKTTLYLQMNSLKPEDTAVYYCTIGGSLSRSSQGTQVTVSSLPE,N[C@H](C(=O)[O-])C(c1ccccc1)c1ccccc1,0.16434598934858272
25,EVQLVESGGGLVQPGGSLRLSCAAXGFTFRSFGMSWVRQAPGKEPEWVSSISGSGSDTLYADSVKGRFTISRDNAKTTLYLQMNSLKPEDTAVYYCTIGGSLSRSSQGTQVTVSSLPE,N[C@H](C(=O)[O-])C(c1ccccc1)c1ccccc1,0.16573539211067517
37,EVQLVESGGGLVQPGGSLRLSCAASGFTFRSFGMSWXRQAPGKEPEWVSSISGSGSDTLYADSVKGRFTISRDNAKTTLYLQMNSLKPEDTAVYYCTIGGSLSRSSQGTQVTVSSLPE,N[C@H](C(=O)[O-])C(c1ccccc1)c1ccccc1,0.1769706975739703
58,EVQLVESGGGLVQPGGSLRLSCAASGFTFRSFGMSWVRQAPGKEPEWVSSISGSGSDXLYADSVKGRFTISRDNAKTTLYLQMNSLKPEDTAVYYCTIGGSLSRSSQGTQVTVSSLPE,N[C@H](C(=O)[O-])C(c1ccccc1)c1ccccc1,0.17999547852495285
29,EVQLVESGGGLVQPGGSLRLSCAASGFTXRSFGMSWVRQAPGKEPEWVSSISGSGSDTLYADSVKGRFTISRDNAKTTLYLQMNSLKPEDTAVYYCTIGGSLSRSSQGTQVTVSSLPE,N[C@H](C(=O)[O-])C(c1ccccc1)c1ccccc1,0.1858496778795157
116,EVQLVESGGGLVQPGGSLRLSCAASGFTFRSFGMSWVRQAPGKEPEWVSSISGSGSDTLYADSVKGRFTISRDNAKTTLYLQMNSLKPEDTAVYYCTIGGSLSRSSQGTQVTVSSXPE,N[C@H](C(=O)[O-])C(c1ccccc1)c1ccccc1,0.18646565274720742
63,EVQLVESGGGLVQPGGSLRLSCAASGFTFRSFGMSWVRQAPGKEPEWVSSISGSGSDTLYADXVKGRFTISRDNAKTTLYLQMNSLKPEDTAVYYCTIGGSLSRSSQGTQVTVSSLPE,N[C@H](C(=O)[O-])C(c1ccccc1)c1ccccc1,0.199714315791864
48,EVQLVESGGGLVQPGGSLRLSCAASGFTFRSFGMSWVRQAPGKEPEWXSSISGSGSDTLYADSVKGRFTISRDNAKTTLYLQMNSLKPEDTAVYYCTIGGSLSRSSQGTQVTVSSLPE,N[C@H](C(=O)[O-])C(c1ccccc1)c1ccccc1,0.20203413981900992
72,EVQLVESGGGLVQPGGSLRLSCAASGFTFRSFGMSWVRQAPGKEPEWVSSISGSGSDTLYADSVKGRFTISXDNAKTTLYLQMNSLKPEDTAVYYCTIGGSLSRSSQGTQVTVSSLPE,N[C@H](C(=O)[O-])C(c1ccccc1)c1ccccc1,0.2083508418501351
75,EVQLVESGGGLVQPGGSLRLSCAASGFTFRSFGMSWVRQAPGKEPEWVSSISGSGSDTLYADSVKGRFTISRDNXKTTLYLQMNSLKPEDTAVYYCTIGGSLSRSSQGTQVTVSSLPE,N[C@H](C(=O)[O-])C(c1ccccc1)c1ccccc1,0.21310809225693822
5,EVQLXESGGGLVQPGGSLRLSCAASGFTFRSFGMSWVRQAPGKEPEWVSSISGSGSDTLYADSVKGRFTISRDNAKTTLYLQMNSLKPEDTAVYYCTIGGSLSRSSQGTQVTVSSLPE,N[C@H](C(=O)[O-])C(c1ccccc1)c1ccccc1,0.2243724807747564
40,EVQLVESGGGLVQPGGSLRLSCAASGFTFRSFGMSWVRQXPGKEPEWVSSISGSGSDTLYADSVKGRFTISRDNAKTTLYLQMNSLKPEDTAVYYCTIGGSLSRSSQGTQVTVSSLPE,N[C@H](C(=O)[O-])C(c1ccccc1)c1ccccc1,0.2309402460471405
67,EVQLVESGGGLVQPGGSLRLSCAASGFTFRSFGMSWVRQAPGKEPEWVSSISGSGSDTLYADSVKGXFTISRDNAKTTLYLQMNSLKPEDTAVYYCTIGGSLSRSSQGTQVTVSSLPE,N[C@H](C(=O)[O-])C(c1ccccc1)c1ccccc1,0.23708502685148664
55,EVQLVESGGGLVQPGGSLRLSCAASGFTFRSFGMSWVRQAPGKEPEWVSSISGSXSDTLYADSVKGRFTISRDNAKTTLYLQMNSLKPEDTAVYYCTIGGSLSRSSQGTQVTVSSLPE,N[C@H](C(=O)[O-])C(c1ccccc1)c1ccccc1,0.23739790663327462
109,EVQLVESGGGLVQPGGSLRLSCAASGFTFRSFGMSWVRQAPGKEPEWVSSISGSGSDTLYADSVKGRFTISRDNAKTTLYLQMNSLKPEDTAVYYCTIGGSLSRSSQGXQVTVSSLPE,N[C@H](C(=O)[O-])C(c1ccccc1)c1ccccc1,0.24234754265709002
85,EVQLVESGGGLVQPGGSLRLSCAASGFTFRSFGMSWVRQAPGKEPEWVSSISGSGSDTLYADSVKGRFTISRDNAKTTLYLQMNXLKPEDTAVYYCTIGGSLSRSSQGTQVTVSSLPE,N[C@H](C(=O)[O-])C(c1ccccc1)c1ccccc1,0.25094082427469366
106,EVQLVESGGGLVQPGGSLRLSCAASGFTFRSFGMSWVRQAPGKEPEWVSSISGSGSDTLYADSVKGRFTISRDNAKTTLYLQMNSLKPEDTAVYYCTIGGSLSRSXQGTQVTVSSLPE,N[C@H](C(=O)[O-])C(c1ccccc1)c1ccccc1,0.25404085304912094
115,EVQLVESGGGLVQPGGSLRLSCAASGFTFRSFGMSWVRQAPGKEPEWVSSISGSGSDTLYADSVKGRFTISRDNAKTTLYLQMNSLKPEDTAVYYCTIGGSLSRSSQGTQVTVSXLPE,N[C@H](C(=O)[O-])C(c1ccccc1)c1ccccc1,0.2542926283935293
119,EVQLVESGGGLVQPGGSLRLSCAASGFTFRSFGMSWVRQAPGKEPEWVSSISGSGSDTLYADSVKGRFTISRDNAKTTLYLQMNSLKPEDTAVYYCTIGGSLSRSSQGTQVTVSSLPE,N[C@H](C(=O)[O-])C(c1ccccc1)c1ccccc1,0.2548103198985445
101,EVQLVESGGGLVQPGGSLRLSCAASGFTFRSFGMSWVRQAPGKEPEWVSSISGSGSDTLYADSVKGRFTISRDNAKTTLYLQMNSLKPEDTAVYYCTIGGXLSRSSQGTQVTVSSLPE,N[C@H](C(=O)[O-])C(c1ccccc1)c1ccccc1,0.2600607610695337
9,EVQLVESGXGLVQPGGSLRLSCAASGFTFRSFGMSWVRQAPGKEPEWVSSISGSGSDTLYADSVKGRFTISRDNAKTTLYLQMNSLKPEDTAVYYCTIGGSLSRSSQGTQVTVSSLPE,N[C@H](C(=O)[O-])C(c1ccccc1)c1ccccc1,0.2701498705386856
118,EVQLVESGGGLVQPGGSLRLSCAASGFTFRSFGMSWVRQAPGKEPEWVSSISGSGSDTLYADSVKGRFTISRDNAKTTLYLQMNSLKPEDTAVYYCTIGGSLSRSSQGTQVTVSSLPX,N[C@H](C(=O)[O-])C(c1ccccc1)c1ccccc1,0.274216742318827
8,EVQLVESXGGLVQPGGSLRLSCAASGFTFRSFGMSWVRQAPGKEPEWVSSISGSGSDTLYADSVKGRFTISRDNAKTTLYLQMNSLKPEDTAVYYCTIGGSLSRSSQGTQVTVSSLPE,N[C@H](C(=O)[O-])C(c1ccccc1)c1ccccc1,0.2826981704832311
66,EVQLVESGGGLVQPGGSLRLSCAASGFTFRSFGMSWVRQAPGKEPEWVSSISGSGSDTLYADSVKXRFTISRDNAKTTLYLQMNSLKPEDTAVYYCTIGGSLSRSSQGTQVTVSSLPE,N[C@H](C(=O)[O-])C(c1ccccc1)c1ccccc1,0.29043866934486184
2,EXQLVESGGGLVQPGGSLRLSCAASGFTFRSFGMSWVRQAPGKEPEWVSSISGSGSDTLYADSVKGRFTISRDNAKTTLYLQMNSLKPEDTAVYYCTIGGSLSRSSQGTQVTVSSLPE,N[C@H](C(=O)[O-])C(c1ccccc1)c1ccccc1,0.2935265110733652
90,EVQLVESGGGLVQPGGSLRLSCAASGFTFRSFGMSWVRQAPGKEPEWVSSISGSGSDTLYADSVKGRFTISRDNAKTTLYLQMNSLKPEXTAVYYCTIGGSLSRSSQGTQVTVSSLPE,N[C@H](C(=O)[O-])C(c1ccccc1)c1ccccc1,0.2947868948859179
107,EVQLVESGGGLVQPGGSLRLSCAASGFTFRSFGMSWVRQAPGKEPEWVSSISGSGSDTLYADSVKGRFTISRDNAKTTLYLQMNSLKPEDTAVYYCTIGGSLSRSSXGTQVTVSSLPE,N[C@H](C(=O)[O-])C(c1ccccc1)c1ccccc1,0.29589378540201966
113,EVQLVESGGGLVQPGGSLRLSCAASGFTFRSFGMSWVRQAPGKEPEWVSSISGSGSDTLYADSVKGRFTISRDNAKTTLYLQMNSLKPEDTAVYYCTIGGSLSRSSQGTQVTXSSLPE,N[C@H](C(=O)[O-])C(c1ccccc1)c1ccccc1,0.30390776415213566
86,EVQLVESGGGLVQPGGSLRLSCAASGFTFRSFGMSWVRQAPGKEPEWVSSISGSGSDTLYADSVKGRFTISRDNAKTTLYLQMNSXKPEDTAVYYCTIGGSLSRSSQGTQVTVSSLPE,N[C@H](C(=O)[O-])C(c1ccccc1)c1ccccc1,0.3098378371693607
114,EVQLVESGGGLVQPGGSLRLSCAASGFTFRSFGMSWVRQAPGKEPEWVSSISGSGSDTLYADSVKGRFTISRDNAKTTLYLQMNSLKPEDTAVYYCTIGGSLSRSSQGTQVTVXSLPE,N[C@H](C(=O)[O-])C(c1ccccc1)c1ccccc1,0.3122453200741896
117,EVQLVESGGGLVQPGGSLRLSCAASGFTFRSFGMSWVRQAPGKEPEWVSSISGSGSDTLYADSVKGRFTISRDNAKTTLYLQMNSLKPEDTAVYYCTIGGSLSRSSQGTQVTVSSLXE,N[C@H](C(=O)[O-])C(c1ccccc1)c1ccccc1,0.31297795119699945
64,EVQLVESGGGLVQPGGSLRLSCAASGFTFRSFGMSWVRQAPGKEPEWVSSISGSGSDTLYADSXKGRFTISRDNAKTTLYLQMNSLKPEDTAVYYCTIGGSLSRSSQGTQVTVSSLPE,N[C@H](C(=O)[O-])C(c1ccccc1)c1ccccc1,0.3161954850109265
21,EVQLVESGGGLVQPGGSLRLXCAASGFTFRSFGMSWVRQAPGKEPEWVSSISGSGSDTLYADSVKGRFTISRDNAKTTLYLQMNSLKPEDTAVYYCTIGGSLSRSSQGTQVTVSSLPE,N[C@H](C(=O)[O-])C(c1ccccc1)c1ccccc1,0.320213964544169
70,EVQLVESGGGLVQPGGSLRLSCAASGFTFRSFGMSWVRQAPGKEPEWVSSISGSGSDTLYADSVKGRFTXSRDNAKTTLYLQMNSLKPEDTAVYYCTIGGSLSRSSQGTQVTVSSLPE,N[C@H](C(=O)[O-])C(c1ccccc1)c1ccccc1,0.3213445999355812
110,EVQLVESGGGLVQPGGSLRLSCAASGFTFRSFGMSWVRQAPGKEPEWVSSISGSGSDTLYADSVKGRFTISRDNAKTTLYLQMNSLKPEDTAVYYCTIGGSLSRSSQGTXVTVSSLPE,N[C@H](C(=O)[O-])C(c1ccccc1)c1ccccc1,0.32495317431494214
100,EVQLVESGGGLVQPGGSLRLSCAASGFTFRSFGMSWVRQAPGKEPEWVSSISGSGSDTLYADSVKGRFTISRDNAKTTLYLQMNSLKPEDTAVYYCTIGXSLSRSSQGTQVTVSSLPE,N[C@H](C(=O)[O-])C(c1ccccc1)c1ccccc1,0.3299271291762888
89,EVQLVESGGGLVQPGGSLRLSCAASGFTFRSFGMSWVRQAPGKEPEWVSSISGSGSDTLYADSVKGRFTISRDNAKTTLYLQMNSLKPXDTAVYYCTIGGSLSRSSQGTQVTVSSLPE,N[C@H](C(=O)[O-])C(c1ccccc1)c1ccccc1,0.3346049644791977
74,EVQLVESGGGLVQPGGSLRLSCAASGFTFRSFGMSWVRQAPGKEPEWVSSISGSGSDTLYADSVKGRFTISRDXAKTTLYLQMNSLKPEDTAVYYCTIGGSLSRSSQGTQVTVSSLPE,N[C@H](C(=O)[O-])C(c1ccccc1)c1ccccc1,0.33514899353466737
43,EVQLVESGGGLVQPGGSLRLSCAASGFTFRSFGMSWVRQAPGXEPEWVSSISGSGSDTLYADSVKGRFTISRDNAKTTLYLQMNSLKPEDTAVYYCTIGGSLSRSSQGTQVTVSSLPE,N[C@H](C(=O)[O-])C(c1ccccc1)c1ccccc1,0.3380518818064463
80,EVQLVESGGGLVQPGGSLRLSCAASGFTFRSFGMSWVRQAPGKEPEWVSSISGSGSDTLYADSVKGRFTISRDNAKTTLXLQMNSLKPEDTAVYYCTIGGSLSRSSQGTQVTVSSLPE,N[C@H](C(=O)[O-])C(c1ccccc1)c1ccccc1,0.344732299425475
69,EVQLVESGGGLVQPGGSLRLSCAASGFTFRSFGMSWVRQAPGKEPEWVSSISGSGSDTLYADSVKGRFXISRDNAKTTLYLQMNSLKPEDTAVYYCTIGGSLSRSSQGTQVTVSSLPE,N[C@H](C(=O)[O-])C(c1ccccc1)c1ccccc1,0.3474660340965789
24,EVQLVESGGGLVQPGGSLRLSCAXSGFTFRSFGMSWVRQAPGKEPEWVSSISGSGSDTLYADSVKGRFTISRDNAKTTLYLQMNSLKPEDTAVYYCTIGGSLSRSSQGTQVTVSSLPE,N[C@H](C(=O)[O-])C(c1ccccc1)c1ccccc1,0.3491239192808494
112,EVQLVESGGGLVQPGGSLRLSCAASGFTFRSFGMSWVRQAPGKEPEWVSSISGSGSDTLYADSVKGRFTISRDNAKTTLYLQMNSLKPEDTAVYYCTIGGSLSRSSQGTQVXVSSLPE,N[C@H](C(=O)[O-])C(c1ccccc1)c1ccccc1,0.3521943804138047
51,EVQLVESGGGLVQPGGSLRLSCAASGFTFRSFGMSWVRQAPGKEPEWVSSXSGSGSDTLYADSVKGRFTISRDNAKTTLYLQMNSLKPEDTAVYYCTIGGSLSRSSQGTQVTVSSLPE,N[C@H](C(=O)[O-])C(c1ccccc1)c1ccccc1,0.35504998409153926
11,EVQLVESGGGXVQPGGSLRLSCAASGFTFRSFGMSWVRQAPGKEPEWVSSISGSGSDTLYADSVKGRFTISRDNAKTTLYLQMNSLKPEDTAVYYCTIGGSLSRSSQGTQVTVSSLPE,N[C@H](C(=O)[O-])C(c1ccccc1)c1ccccc1,0.3579899238836969
27,EVQLVESGGGLVQPGGSLRLSCAASGXTFRSFGMSWVRQAPGKEPEWVSSISGSGSDTLYADSVKGRFTISRDNAKTTLYLQMNSLKPEDTAVYYCTIGGSLSRSSQGTQVTVSSLPE,N[C@H](C(=O)[O-])C(c1ccccc1)c1ccccc1,0.3591650787962134
45,EVQLVESGGGLVQPGGSLRLSCAASGFTFRSFGMSWVRQAPGKEXEWVSSISGSGSDTLYADSVKGRFTISRDNAKTTLYLQMNSLKPEDTAVYYCTIGGSLSRSSQGTQVTVSSLPE,N[C@H](C(=O)[O-])C(c1ccccc1)c1ccccc1,0.360173042649869
12,EVQLVESGGGLXQPGGSLRLSCAASGFTFRSFGMSWVRQAPGKEPEWVSSISGSGSDTLYADSVKGRFTISRDNAKTTLYLQMNSLKPEDTAVYYCTIGGSLSRSSQGTQVTVSSLPE,N[C@H](C(=O)[O-])C(c1ccccc1)c1ccccc1,0.36047087156687974
13,EVQLVESGGGLVXPGGSLRLSCAASGFTFRSFGMSWVRQAPGKEPEWVSSISGSGSDTLYADSVKGRFTISRDNAKTTLYLQMNSLKPEDTAVYYCTIGGSLSRSSQGTQVTVSSLPE,N[C@H](C(=O)[O-])C(c1ccccc1)c1ccccc1,0.3615331018532667
32,EVQLVESGGGLVQPGGSLRLSCAASGFTFRSXGMSWVRQAPGKEPEWVSSISGSGSDTLYADSVKGRFTISRDNAKTTLYLQMNSLKPEDTAVYYCTIGGSLSRSSQGTQVTVSSLPE,N[C@H](C(=O)[O-])C(c1ccccc1)c1ccccc1,0.373047846238861
65,EVQLVESGGGLVQPGGSLRLSCAASGFTFRSFGMSWVRQAPGKEPEWVSSISGSGSDTLYADSVXGRFTISRDNAKTTLYLQMNSLKPEDTAVYYCTIGGSLSRSSQGTQVTVSSLPE,N[C@H](C(=O)[O-])C(c1ccccc1)c1ccccc1,0.3732758780264308
102,EVQLVESGGGLVQPGGSLRLSCAASGFTFRSFGMSWVRQAPGKEPEWVSSISGSGSDTLYADSVKGRFTISRDNAKTTLYLQMNSLKPEDTAVYYCTIGGSXSRSSQGTQVTVSSLPE,N[C@H](C(=O)[O-])C(c1ccccc1)c1ccccc1,0.37760962678363313
7,EVQLVEXGGGLVQPGGSLRLSCAASGFTFRSFGMSWVRQAPGKEPEWVSSISGSGSDTLYADSVKGRFTISRDNAKTTLYLQMNSLKPEDTAVYYCTIGGSLSRSSQGTQVTVSSLPE,N[C@H](C(=O)[O-])C(c1ccccc1)c1ccccc1,0.3797613347710095
78,EVQLVESGGGLVQPGGSLRLSCAASGFTFRSFGMSWVRQAPGKEPEWVSSISGSGSDTLYADSVKGRFTISRDNAKTXLYLQMNSLKPEDTAVYYCTIGGSLSRSSQGTQVTVSSLPE,N[C@H](C(=O)[O-])C(c1ccccc1)c1ccccc1,0.3858592807951594
44,EVQLVESGGGLVQPGGSLRLSCAASGFTFRSFGMSWVRQAPGKXPEWVSSISGSGSDTLYADSVKGRFTISRDNAKTTLYLQMNSLKPEDTAVYYCTIGGSLSRSSQGTQVTVSSLPE,N[C@H](C(=O)[O-])C(c1ccccc1)c1ccccc1,0.3999153588168816
16,EVQLVESGGGLVQPGXSLRLSCAASGFTFRSFGMSWVRQAPGKEPEWVSSISGSGSDTLYADSVKGRFTISRDNAKTTLYLQMNSLKPEDTAVYYCTIGGSLSRSSQGTQVTVSSLPE,N[C@H](C(=O)[O-])C(c1ccccc1)c1ccccc1,0.4004892424102824
19,EVQLVESGGGLVQPGGSLXLSCAASGFTFRSFGMSWVRQAPGKEPEWVSSISGSGSDTLYADSVKGRFTISRDNAKTTLYLQMNSLKPEDTAVYYCTIGGSLSRSSQGTQVTVSSLPE,N[C@H](C(=O)[O-])C(c1ccccc1)c1ccccc1,0.4038194842658373
93,EVQLVESGGGLVQPGGSLRLSCAASGFTFRSFGMSWVRQAPGKEPEWVSSISGSGSDTLYADSVKGRFTISRDNAKTTLYLQMNSLKPEDTAXYYCTIGGSLSRSSQGTQVTVSSLPE,N[C@H](C(=O)[O-])C(c1ccccc1)c1ccccc1,0.406059749828443
6,EVQLVXSGGGLVQPGGSLRLSCAASGFTFRSFGMSWVRQAPGKEPEWVSSISGSGSDTLYADSVKGRFTISRDNAKTTLYLQMNSLKPEDTAVYYCTIGGSLSRSSQGTQVTVSSLPE,N[C@H](C(=O)[O-])C(c1ccccc1)c1ccccc1,0.4092895257730014
73,EVQLVESGGGLVQPGGSLRLSCAASGFTFRSFGMSWVRQAPGKEPEWVSSISGSGSDTLYADSVKGRFTISRXNAKTTLYLQMNSLKPEDTAVYYCTIGGSLSRSSQGTQVTVSSLPE,N[C@H](C(=O)[O-])C(c1ccccc1)c1ccccc1,0.41228854036824225
82,EVQLVESGGGLVQPGGSLRLSCAASGFTFRSFGMSWVRQAPGKEPEWVSSISGSGSDTLYADSVKGRFTISRDNAKTTLYLXMNSLKPEDTAVYYCTIGGSLSRSSQGTQVTVSSLPE,N[C@H](C(=O)[O-])C(c1ccccc1)c1ccccc1,0.4141648066193258
31,EVQLVESGGGLVQPGGSLRLSCAASGFTFRXFGMSWVRQAPGKEPEWVSSISGSGSDTLYADSVKGRFTISRDNAKTTLYLQMNSLKPEDTAVYYCTIGGSLSRSSQGTQVTVSSLPE,N[C@H](C(=O)[O-])C(c1ccccc1)c1ccccc1,0.415540927855754
33,EVQLVESGGGLVQPGGSLRLSCAASGFTFRSFXMSWVRQAPGKEPEWVSSISGSGSDTLYADSVKGRFTISRDNAKTTLYLQMNSLKPEDTAVYYCTIGGSLSRSSQGTQVTVSSLPE,N[C@H](C(=O)[O-])C(c1ccccc1)c1ccccc1,0.419128567739613
88,EVQLVESGGGLVQPGGSLRLSCAASGFTFRSFGMSWVRQAPGKEPEWVSSISGSGSDTLYADSVKGRFTISRDNAKTTLYLQMNSLKXEDTAVYYCTIGGSLSRSSQGTQVTVSSLPE,N[C@H](C(=O)[O-])C(c1ccccc1)c1ccccc1,0.42602706553611797
20,EVQLVESGGGLVQPGGSLRXSCAASGFTFRSFGMSWVRQAPGKEPEWVSSISGSGSDTLYADSVKGRFTISRDNAKTTLYLQMNSLKPEDTAVYYCTIGGSLSRSSQGTQVTVSSLPE,N[C@H](C(=O)[O-])C(c1ccccc1)c1ccccc1,0.44803476800522163
76,EVQLVESGGGLVQPGGSLRLSCAASGFTFRSFGMSWVRQAPGKEPEWVSSISGSGSDTLYADSVKGRFTISRDNAXTTLYLQMNSLKPEDTAVYYCTIGGSLSRSSQGTQVTVSSLPE,N[C@H](C(=O)[O-])C(c1ccccc1)c1ccccc1,0.448309925814362
17,EVQLVESGGGLVQPGGXLRLSCAASGFTFRSFGMSWVRQAPGKEPEWVSSISGSGSDTLYADSVKGRFTISRDNAKTTLYLQMNSLKPEDTAVYYCTIGGSLSRSSQGTQVTVSSLPE,N[C@H](C(=O)[O-])C(c1ccccc1)c1ccccc1,0.4494994688273121
56,EVQLVESGGGLVQPGGSLRLSCAASGFTFRSFGMSWVRQAPGKEPEWVSSISGSGXDTLYADSVKGRFTISRDNAKTTLYLQMNSLKPEDTAVYYCTIGGSLSRSSQGTQVTVSSLPE,N[C@H](C(=O)[O-])C(c1ccccc1)c1ccccc1,0.450173405918152
18,EVQLVESGGGLVQPGGSXRLSCAASGFTFRSFGMSWVRQAPGKEPEWVSSISGSGSDTLYADSVKGRFTISRDNAKTTLYLQMNSLKPEDTAVYYCTIGGSLSRSSQGTQVTVSSLPE,N[C@H](C(=O)[O-])C(c1ccccc1)c1ccccc1,0.45683510385136794
98,EVQLVESGGGLVQPGGSLRLSCAASGFTFRSFGMSWVRQAPGKEPEWVSSISGSGSDTLYADSVKGRFTISRDNAKTTLYLQMNSLKPEDTAVYYCTXGGSLSRSSQGTQVTVSSLPE,N[C@H](C(=O)[O-])C(c1ccccc1)c1ccccc1,0.456975452906523
39,EVQLVESGGGLVQPGGSLRLSCAASGFTFRSFGMSWVRXAPGKEPEWVSSISGSGSDTLYADSVKGRFTISRDNAKTTLYLQMNSLKPEDTAVYYCTIGGSLSRSSQGTQVTVSSLPE,N[C@H](C(=O)[O-])C(c1ccccc1)c1ccccc1,0.46228672783304736
81,EVQLVESGGGLVQPGGSLRLSCAASGFTFRSFGMSWVRQAPGKEPEWVSSISGSGSDTLYADSVKGRFTISRDNAKTTLYXQMNSLKPEDTAVYYCTIGGSLSRSSQGTQVTVSSLPE,N[C@H](C(=O)[O-])C(c1ccccc1)c1ccccc1,0.4661861830936608
71,EVQLVESGGGLVQPGGSLRLSCAASGFTFRSFGMSWVRQAPGKEPEWVSSISGSGSDTLYADSVKGRFTIXRDNAKTTLYLQMNSLKPEDTAVYYCTIGGSLSRSSQGTQVTVSSLPE,N[C@H](C(=O)[O-])C(c1ccccc1)c1ccccc1,0.47000919060696056
83,EVQLVESGGGLVQPGGSLRLSCAASGFTFRSFGMSWVRQAPGKEPEWVSSISGSGSDTLYADSVKGRFTISRDNAKTTLYLQXNSLKPEDTAVYYCTIGGSLSRSSQGTQVTVSSLPE,N[C@H](C(=O)[O-])C(c1ccccc1)c1ccccc1,0.481840352164571
105,EVQLVESGGGLVQPGGSLRLSCAASGFTFRSFGMSWVRQAPGKEPEWVSSISGSGSDTLYADSVKGRFTISRDNAKTTLYLQMNSLKPEDTAVYYCTIGGSLSRXSQGTQVTVSSLPE,N[C@H](C(=O)[O-])C(c1ccccc1)c1ccccc1,0.48588089688457997
91,EVQLVESGGGLVQPGGSLRLSCAASGFTFRSFGMSWVRQAPGKEPEWVSSISGSGSDTLYADSVKGRFTISRDNAKTTLYLQMNSLKPEDXAVYYCTIGGSLSRSSQGTQVTVSSLPE,N[C@H](C(=O)[O-])C(c1ccccc1)c1ccccc1,0.48787923133509
97,EVQLVESGGGLVQPGGSLRLSCAASGFTFRSFGMSWVRQAPGKEPEWVSSISGSGSDTLYADSVKGRFTISRDNAKTTLYLQMNSLKPEDTAVYYCXIGGSLSRSSQGTQVTVSSLPE,N[C@H](C(=O)[O-])C(c1ccccc1)c1ccccc1,0.49458737098062777
42,EVQLVESGGGLVQPGGSLRLSCAASGFTFRSFGMSWVRQAPXKEPEWVSSISGSGSDTLYADSVKGRFTISRDNAKTTLYLQMNSLKPEDTAVYYCTIGGSLSRSSQGTQVTVSSLPE,N[C@H](C(=O)[O-])C(c1ccccc1)c1ccccc1,0.511761189520357
41,EVQLVESGGGLVQPGGSLRLSCAASGFTFRSFGMSWVRQAXGKEPEWVSSISGSGSDTLYADSVKGRFTISRDNAKTTLYLQMNSLKPEDTAVYYCTIGGSLSRSSQGTQVTVSSLPE,N[C@H](C(=O)[O-])C(c1ccccc1)c1ccccc1,0.523795332727248
95,EVQLVESGGGLVQPGGSLRLSCAASGFTFRSFGMSWVRQAPGKEPEWVSSISGSGSDTLYADSVKGRFTISRDNAKTTLYLQMNSLKPEDTAVYXCTIGGSLSRSSQGTQVTVSSLPE,N[C@H](C(=O)[O-])C(c1ccccc1)c1ccccc1,0.5329174901970701
15,EVQLVESGGGLVQPXGSLRLSCAASGFTFRSFGMSWVRQAPGKEPEWVSSISGSGSDTLYADSVKGRFTISRDNAKTTLYLQMNSLKPEDTAVYYCTIGGSLSRSSQGTQVTVSSLPE,N[C@H](C(=O)[O-])C(c1ccccc1)c1ccccc1,0.5558851595709624
23,EVQLVESGGGLVQPGGSLRLSCXASGFTFRSFGMSWVRQAPGKEPEWVSSISGSGSDTLYADSVKGRFTISRDNAKTTLYLQMNSLKPEDTAVYYCTIGGSLSRSSQGTQVTVSSLPE,N[C@H](C(=O)[O-])C(c1ccccc1)c1ccccc1,0.561145223842175
108,EVQLVESGGGLVQPGGSLRLSCAASGFTFRSFGMSWVRQAPGKEPEWVSSISGSGSDTLYADSVKGRFTISRDNAKTTLYLQMNSLKPEDTAVYYCTIGGSLSRSSQXTQVTVSSLPE,N[C@H](C(=O)[O-])C(c1ccccc1)c1ccccc1,0.5634773898791109
84,EVQLVESGGGLVQPGGSLRLSCAASGFTFRSFGMSWVRQAPGKEPEWVSSISGSGSDTLYADSVKGRFTISRDNAKTTLYLQMXSLKPEDTAVYYCTIGGSLSRSSQGTQVTVSSLPE,N[C@H](C(=O)[O-])C(c1ccccc1)c1ccccc1,0.586140581497761
52,EVQLVESGGGLVQPGGSLRLSCAASGFTFRSFGMSWVRQAPGKEPEWVSSIXGSGSDTLYADSVKGRFTISRDNAKTTLYLQMNSLKPEDTAVYYCTIGGSLSRSSQGTQVTVSSLPE,N[C@H](C(=O)[O-])C(c1ccccc1)c1ccccc1,0.5955444320654399
79,EVQLVESGGGLVQPGGSLRLSCAASGFTFRSFGMSWVRQAPGKEPEWVSSISGSGSDTLYADSVKGRFTISRDNAKTTXYLQMNSLKPEDTAVYYCTIGGSLSRSSQGTQVTVSSLPE,N[C@H](C(=O)[O-])C(c1ccccc1)c1ccccc1,0.5976553719562616
28,EVQLVESGGGLVQPGGSLRLSCAASGFXFRSFGMSWVRQAPGKEPEWVSSISGSGSDTLYADSVKGRFTISRDNAKTTLYLQMNSLKPEDTAVYYCTIGGSLSRSSQGTQVTVSSLPE,N[C@H](C(=O)[O-])C(c1ccccc1)c1ccccc1,0.5997806603045077
87,EVQLVESGGGLVQPGGSLRLSCAASGFTFRSFGMSWVRQAPGKEPEWVSSISGSGSDTLYADSVKGRFTISRDNAKTTLYLQMNSLXPEDTAVYYCTIGGSLSRSSQGTQVTVSSLPE,N[C@H](C(=O)[O-])C(c1ccccc1)c1ccccc1,0.6265142958896643
68,EVQLVESGGGLVQPGGSLRLSCAASGFTFRSFGMSWVRQAPGKEPEWVSSISGSGSDTLYADSVKGRXTISRDNAKTTLYLQMNSLKPEDTAVYYCTIGGSLSRSSQGTQVTVSSLPE,N[C@H](C(=O)[O-])C(c1ccccc1)c1ccccc1,0.6549855794548141
30,EVQLVESGGGLVQPGGSLRLSCAASGFTFXSFGMSWVRQAPGKEPEWVSSISGSGSDTLYADSVKGRFTISRDNAKTTLYLQMNSLKPEDTAVYYCTIGGSLSRSSQGTQVTVSSLPE,N[C@H](C(=O)[O-])C(c1ccccc1)c1ccccc1,0.66109069755829
77,EVQLVESGGGLVQPGGSLRLSCAASGFTFRSFGMSWVRQAPGKEPEWVSSISGSGSDTLYADSVKGRFTISRDNAKXTLYLQMNSLKPEDTAVYYCTIGGSLSRSSQGTQVTVSSLPE,N[C@H](C(=O)[O-])C(c1ccccc1)c1ccccc1,0.707805318521199
92,EVQLVESGGGLVQPGGSLRLSCAASGFTFRSFGMSWVRQAPGKEPEWVSSISGSGSDTLYADSVKGRFTISRDNAKTTLYLQMNSLKPEDTXVYYCTIGGSLSRSSQGTQVTVSSLPE,N[C@H](C(=O)[O-])C(c1ccccc1)c1ccccc1,0.7078840747981572
49,EVQLVESGGGLVQPGGSLRLSCAASGFTFRSFGMSWVRQAPGKEPEWVXSISGSGSDTLYADSVKGRFTISRDNAKTTLYLQMNSLKPEDTAVYYCTIGGSLSRSSQGTQVTVSSLPE,N[C@H](C(=O)[O-])C(c1ccccc1)c1ccccc1,0.7744862628781406
34,EVQLVESGGGLVQPGGSLRLSCAASGFTFRSFGXSWVRQAPGKEPEWVSSISGSGSDTLYADSVKGRFTISRDNAKTTLYLQMNSLKPEDTAVYYCTIGGSLSRSSQGTQVTVSSLPE,N[C@H](C(=O)[O-])C(c1ccccc1)c1ccccc1,0.7831981535519292
36,EVQLVESGGGLVQPGGSLRLSCAASGFTFRSFGMSXVRQAPGKEPEWVSSISGSGSDTLYADSVKGRFTISRDNAKTTLYLQMNSLKPEDTAVYYCTIGGSLSRSSQGTQVTVSSLPE,N[C@H](C(=O)[O-])C(c1ccccc1)c1ccccc1,0.822064412867505
47,EVQLVESGGGLVQPGGSLRLSCAASGFTFRSFGMSWVRQAPGKEPEXVSSISGSGSDTLYADSVKGRFTISRDNAKTTLYLQMNSLKPEDTAVYYCTIGGSLSRSSQGTQVTVSSLPE,N[C@H](C(=O)[O-])C(c1ccccc1)c1ccccc1,0.834080321435248
1,XVQLVESGGGLVQPGGSLRLSCAASGFTFRSFGMSWVRQAPGKEPEWVSSISGSGSDTLYADSVKGRFTISRDNAKTTLYLQMNSLKPEDTAVYYCTIGGSLSRSSQGTQVTVSSLPE,N[C@H](C(=O)[O-])C(c1ccccc1)c1ccccc1,2.589446484965769
