Position,Folded Energy Delta
33,10.23452121519972
77,10.524559597069038
32,12.13524430035731
104,12.524305427725938
101,13.91624350862283
35,14.8445496035495
119,14.86142199238383
85,15.08149290794365
30,15.1267124423035
87,15.1442305452701
23,15.163521917479551
46,15.389661793710939
89,15.505060589342559
114,15.622817604577559
98,16.06778599740909
43,16.28277682878167
50,16.31616766673919
69,16.3376731410249
107,16.511342660695313
58,16.57364502304026
3,16.92300020583842
31,16.96066209655878
75,17.293566216856043
57,17.32730338187332
52,17.50460301785185
76,17.65801351505064
16,18.00054527946238
59,18.11717522915519
99,18.158703388140943
19,18.18641317626293
2,18.54682658164931
11,18.66332533786267
25,18.72582058012844
116,18.7432603832213
56,18.81824371906052
61,18.85803051335312
37,18.88722604949902
13,19.23847297891804
28,19.28621796961246
105,19.42593366622905
39,19.59232899507244
53,19.600949502267007
102,19.63062776179174
45,19.71022576433743
55,19.72748003986209
62,19.834615941169222
71,20.058128318666828
14,20.11308636464677
112,20.11494354340759
115,20.16278398117539
91,20.267855924173492
84,20.29551431853004
7,20.42036256608689
42,20.43906822717642
21,20.53765879863694
15,20.767954883093402
17,20.79940003739591
67,20.829535506965208
66,20.88755626643627
110,20.95415487673746
5,20.95905036944048
10,20.969246702029242
117,21.02558523909365
1,21.19148333713659
106,21.31794298996215
54,21.334531793338158
65,21.34958310511183
40,21.488093133429167
80,21.50426273124021
73,21.84306061207103
60,21.98727524172606
44,21.99443864128821
118,22.17260942731499
12,22.20344016635735
18,22.41246383061906
63,22.51134776812389
74,22.698695567407917
95,22.813335348934352
41,24.0448579016773
27,24.12565194688248
88,24.134719844499738
26,24.4724360893426
82,24.53266618524374
93,25.143786266920298
100,26.77087008534516
38,27.319524355118368
103,28.38984211333704
4,28.786219383194442
97,29.479044318055834
48,29.704632671859493
78,30.627939399266932
47,30.881948898869062
29,31.253621400285944
72,31.83708000095304
109,32.39847221802959
36,32.800275395254936
64,33.32136163442616
51,36.77764053721309
86,37.46053271975095
83,40.97997207851234
68,42.30396424981118
90,42.37209908096451
34,45.29502376369573
6,58.12799448625594
94,58.52249378885599
92,67.6263683541226
81,67.63020497612966
70,68.26902913658314
111,69.15868968341555
49,71.92918397135409
9,75.3401771660199
20,77.0913145615313
108,83.61521530927361
79,84.86056705755261
8,91.1578386861938
24,103.6527402848607
113,106.8378738961874
