Position,Mutated Sequence,SMILES,Folded Energy Delta
33,EVQLVESGGGLVQPGGSLRLSCAASGFTFRSFXMSWVRQAPGKEPEWVSSISGSGSDTLYADSVKGRFTISRDNAKTTLYLQMNSLKPEDTAVYYCTIGGSLSRSSQGTQVTVSSLPE,N[C@H](C(=O)[O-])C(c1ccccc1)c1ccccc1,10.23452121519972
77,EVQLVESGGGLVQPGGSLRLSCAASGFTFRSFGMSWVRQAPGKEPEWVSSISGSGSDTLYADSVKGRFTISRDNAKXTLYLQMNSLKPEDTAVYYCTIGGSLSRSSQGTQVTVSSLPE,N[C@H](C(=O)[O-])C(c1ccccc1)c1ccccc1,10.524559597069038
32,EVQLVESGGGLVQPGGSLRLSCAASGFTFRSXGMSWVRQAPGKEPEWVSSISGSGSDTLYADSVKGRFTISRDNAKTTLYLQMNSLKPEDTAVYYCTIGGSLSRSSQGTQVTVSSLPE,N[C@H](C(=O)[O-])C(c1ccccc1)c1ccccc1,12.13524430035731
104,EVQLVESGGGLVQPGGSLRLSCAASGFTFRSFGMSWVRQAPGKEPEWVSSISGSGSDTLYADSVKGRFTISRDNAKTTLYLQMNSLKPEDTAVYYCTIGGSLSXSSQGTQVTVSSLPE,N[C@H](C(=O)[O-])C(c1ccccc1)c1ccccc1,12.524305427725938
101,EVQLVESGGGLVQPGGSLRLSCAASGFTFRSFGMSWVRQAPGKEPEWVSSISGSGSDTLYADSVKGRFTISRDNAKTTLYLQMNSLKPEDTAVYYCTIGGXLSRSSQGTQVTVSSLPE,N[C@H](C(=O)[O-])C(c1ccccc1)c1ccccc1,13.91624350862283
35,EVQLVESGGGLVQPGGSLRLSCAASGFTFRSFGMXWVRQAPGKEPEWVSSISGSGSDTLYADSVKGRFTISRDNAKTTLYLQMNSLKPEDTAVYYCTIGGSLSRSSQGTQVTVSSLPE,N[C@H](C(=O)[O-])C(c1ccccc1)c1ccccc1,14.8445496035495
119,EVQLVESGGGLVQPGGSLRLSCAASGFTFRSFGMSWVRQAPGKEPEWVSSISGSGSDTLYADSVKGRFTISRDNAKTTLYLQMNSLKPEDTAVYYCTIGGSLSRSSQGTQVTVSSLPE,N[C@H](C(=O)[O-])C(c1ccccc1)c1ccccc1,14.86142199238383
85,EVQLVESGGGLVQPGGSLRLSCAASGFTFRSFGMSWVRQAPGKEPEWVSSISGSGSDTLYADSVKGRFTISRDNAKTTLYLQMNXLKPEDTAVYYCTIGGSLSRSSQGTQVTVSSLPE,N[C@H](C(=O)[O-])C(c1ccccc1)c1ccccc1,15.08149290794365
30,EVQLVESGGGLVQPGGSLRLSCAASGFTFXSFGMSWVRQAPGKEPEWVSSISGSGSDTLYADSVKGRFTISRDNAKTTLYLQMNSLKPEDTAVYYCTIGGSLSRSSQGTQVTVSSLPE,N[C@H](C(=O)[O-])C(c1ccccc1)c1ccccc1,15.1267124423035
87,EVQLVESGGGLVQPGGSLRLSCAASGFTFRSFGMSWVRQAPGKEPEWVSSISGSGSDTLYADSVKGRFTISRDNAKTTLYLQMNSLXPEDTAVYYCTIGGSLSRSSQGTQVTVSSLPE,N[C@H](C(=O)[O-])C(c1ccccc1)c1ccccc1,15.1442305452701
23,EVQLVESGGGLVQPGGSLRLSCXASGFTFRSFGMSWVRQAPGKEPEWVSSISGSGSDTLYADSVKGRFTISRDNAKTTLYLQMNSLKPEDTAVYYCTIGGSLSRSSQGTQVTVSSLPE,N[C@H](C(=O)[O-])C(c1ccccc1)c1ccccc1,15.163521917479551
46,EVQLVESGGGLVQPGGSLRLSCAASGFTFRSFGMSWVRQAPGKEPXWVSSISGSGSDTLYADSVKGRFTISRDNAKTTLYLQMNSLKPEDTAVYYCTIGGSLSRSSQGTQVTVSSLPE,N[C@H](C(=O)[O-])C(c1ccccc1)c1ccccc1,15.389661793710939
89,EVQLVESGGGLVQPGGSLRLSCAASGFTFRSFGMSWVRQAPGKEPEWVSSISGSGSDTLYADSVKGRFTISRDNAKTTLYLQMNSLKPXDTAVYYCTIGGSLSRSSQGTQVTVSSLPE,N[C@H](C(=O)[O-])C(c1ccccc1)c1ccccc1,15.505060589342559
114,EVQLVESGGGLVQPGGSLRLSCAASGFTFRSFGMSWVRQAPGKEPEWVSSISGSGSDTLYADSVKGRFTISRDNAKTTLYLQMNSLKPEDTAVYYCTIGGSLSRSSQGTQVTVXSLPE,N[C@H](C(=O)[O-])C(c1ccccc1)c1ccccc1,15.622817604577559
98,EVQLVESGGGLVQPGGSLRLSCAASGFTFRSFGMSWVRQAPGKEPEWVSSISGSGSDTLYADSVKGRFTISRDNAKTTLYLQMNSLKPEDTAVYYCTXGGSLSRSSQGTQVTVSSLPE,N[C@H](C(=O)[O-])C(c1ccccc1)c1ccccc1,16.06778599740909
43,EVQLVESGGGLVQPGGSLRLSCAASGFTFRSFGMSWVRQAPGXEPEWVSSISGSGSDTLYADSVKGRFTISRDNAKTTLYLQMNSLKPEDTAVYYCTIGGSLSRSSQGTQVTVSSLPE,N[C@H](C(=O)[O-])C(c1ccccc1)c1ccccc1,16.28277682878167
50,EVQLVESGGGLVQPGGSLRLSCAASGFTFRSFGMSWVRQAPGKEPEWVSXISGSGSDTLYADSVKGRFTISRDNAKTTLYLQMNSLKPEDTAVYYCTIGGSLSRSSQGTQVTVSSLPE,N[C@H](C(=O)[O-])C(c1ccccc1)c1ccccc1,16.31616766673919
69,EVQLVESGGGLVQPGGSLRLSCAASGFTFRSFGMSWVRQAPGKEPEWVSSISGSGSDTLYADSVKGRFXISRDNAKTTLYLQMNSLKPEDTAVYYCTIGGSLSRSSQGTQVTVSSLPE,N[C@H](C(=O)[O-])C(c1ccccc1)c1ccccc1,16.3376731410249
107,EVQLVESGGGLVQPGGSLRLSCAASGFTFRSFGMSWVRQAPGKEPEWVSSISGSGSDTLYADSVKGRFTISRDNAKTTLYLQMNSLKPEDTAVYYCTIGGSLSRSSXGTQVTVSSLPE,N[C@H](C(=O)[O-])C(c1ccccc1)c1ccccc1,16.511342660695313
58,EVQLVESGGGLVQPGGSLRLSCAASGFTFRSFGMSWVRQAPGKEPEWVSSISGSGSDXLYADSVKGRFTISRDNAKTTLYLQMNSLKPEDTAVYYCTIGGSLSRSSQGTQVTVSSLPE,N[C@H](C(=O)[O-])C(c1ccccc1)c1ccccc1,16.57364502304026
3,EVXLVESGGGLVQPGGSLRLSCAASGFTFRSFGMSWVRQAPGKEPEWVSSISGSGSDTLYADSVKGRFTISRDNAKTTLYLQMNSLKPEDTAVYYCTIGGSLSRSSQGTQVTVSSLPE,N[C@H](C(=O)[O-])C(c1ccccc1)c1ccccc1,16.92300020583842
31,EVQLVESGGGLVQPGGSLRLSCAASGFTFRXFGMSWVRQAPGKEPEWVSSISGSGSDTLYADSVKGRFTISRDNAKTTLYLQMNSLKPEDTAVYYCTIGGSLSRSSQGTQVTVSSLPE,N[C@H](C(=O)[O-])C(c1ccccc1)c1ccccc1,16.96066209655878
75,EVQLVESGGGLVQPGGSLRLSCAASGFTFRSFGMSWVRQAPGKEPEWVSSISGSGSDTLYADSVKGRFTISRDNXKTTLYLQMNSLKPEDTAVYYCTIGGSLSRSSQGTQVTVSSLPE,N[C@H](C(=O)[O-])C(c1ccccc1)c1ccccc1,17.293566216856043
57,EVQLVESGGGLVQPGGSLRLSCAASGFTFRSFGMSWVRQAPGKEPEWVSSISGSGSXTLYADSVKGRFTISRDNAKTTLYLQMNSLKPEDTAVYYCTIGGSLSRSSQGTQVTVSSLPE,N[C@H](C(=O)[O-])C(c1ccccc1)c1ccccc1,17.32730338187332
52,EVQLVESGGGLVQPGGSLRLSCAASGFTFRSFGMSWVRQAPGKEPEWVSSIXGSGSDTLYADSVKGRFTISRDNAKTTLYLQMNSLKPEDTAVYYCTIGGSLSRSSQGTQVTVSSLPE,N[C@H](C(=O)[O-])C(c1ccccc1)c1ccccc1,17.50460301785185
76,EVQLVESGGGLVQPGGSLRLSCAASGFTFRSFGMSWVRQAPGKEPEWVSSISGSGSDTLYADSVKGRFTISRDNAXTTLYLQMNSLKPEDTAVYYCTIGGSLSRSSQGTQVTVSSLPE,N[C@H](C(=O)[O-])C(c1ccccc1)c1ccccc1,17.65801351505064
16,EVQLVESGGGLVQPGXSLRLSCAASGFTFRSFGMSWVRQAPGKEPEWVSSISGSGSDTLYADSVKGRFTISRDNAKTTLYLQMNSLKPEDTAVYYCTIGGSLSRSSQGTQVTVSSLPE,N[C@H](C(=O)[O-])C(c1ccccc1)c1ccccc1,18.00054527946238
59,EVQLVESGGGLVQPGGSLRLSCAASGFTFRSFGMSWVRQAPGKEPEWVSSISGSGSDTXYADSVKGRFTISRDNAKTTLYLQMNSLKPEDTAVYYCTIGGSLSRSSQGTQVTVSSLPE,N[C@H](C(=O)[O-])C(c1ccccc1)c1ccccc1,18.11717522915519
99,EVQLVESGGGLVQPGGSLRLSCAASGFTFRSFGMSWVRQAPGKEPEWVSSISGSGSDTLYADSVKGRFTISRDNAKTTLYLQMNSLKPEDTAVYYCTIXGSLSRSSQGTQVTVSSLPE,N[C@H](C(=O)[O-])C(c1ccccc1)c1ccccc1,18.158703388140943
19,EVQLVESGGGLVQPGGSLXLSCAASGFTFRSFGMSWVRQAPGKEPEWVSSISGSGSDTLYADSVKGRFTISRDNAKTTLYLQMNSLKPEDTAVYYCTIGGSLSRSSQGTQVTVSSLPE,N[C@H](C(=O)[O-])C(c1ccccc1)c1ccccc1,18.18641317626293
2,EXQLVESGGGLVQPGGSLRLSCAASGFTFRSFGMSWVRQAPGKEPEWVSSISGSGSDTLYADSVKGRFTISRDNAKTTLYLQMNSLKPEDTAVYYCTIGGSLSRSSQGTQVTVSSLPE,N[C@H](C(=O)[O-])C(c1ccccc1)c1ccccc1,18.54682658164931
11,EVQLVESGGGXVQPGGSLRLSCAASGFTFRSFGMSWVRQAPGKEPEWVSSISGSGSDTLYADSVKGRFTISRDNAKTTLYLQMNSLKPEDTAVYYCTIGGSLSRSSQGTQVTVSSLPE,N[C@H](C(=O)[O-])C(c1ccccc1)c1ccccc1,18.66332533786267
25,EVQLVESGGGLVQPGGSLRLSCAAXGFTFRSFGMSWVRQAPGKEPEWVSSISGSGSDTLYADSVKGRFTISRDNAKTTLYLQMNSLKPEDTAVYYCTIGGSLSRSSQGTQVTVSSLPE,N[C@H](C(=O)[O-])C(c1ccccc1)c1ccccc1,18.72582058012844
116,EVQLVESGGGLVQPGGSLRLSCAASGFTFRSFGMSWVRQAPGKEPEWVSSISGSGSDTLYADSVKGRFTISRDNAKTTLYLQMNSLKPEDTAVYYCTIGGSLSRSSQGTQVTVSSXPE,N[C@H](C(=O)[O-])C(c1ccccc1)c1ccccc1,18.7432603832213
56,EVQLVESGGGLVQPGGSLRLSCAASGFTFRSFGMSWVRQAPGKEPEWVSSISGSGXDTLYADSVKGRFTISRDNAKTTLYLQMNSLKPEDTAVYYCTIGGSLSRSSQGTQVTVSSLPE,N[C@H](C(=O)[O-])C(c1ccccc1)c1ccccc1,18.81824371906052
61,EVQLVESGGGLVQPGGSLRLSCAASGFTFRSFGMSWVRQAPGKEPEWVSSISGSGSDTLYXDSVKGRFTISRDNAKTTLYLQMNSLKPEDTAVYYCTIGGSLSRSSQGTQVTVSSLPE,N[C@H](C(=O)[O-])C(c1ccccc1)c1ccccc1,18.85803051335312
37,EVQLVESGGGLVQPGGSLRLSCAASGFTFRSFGMSWXRQAPGKEPEWVSSISGSGSDTLYADSVKGRFTISRDNAKTTLYLQMNSLKPEDTAVYYCTIGGSLSRSSQGTQVTVSSLPE,N[C@H](C(=O)[O-])C(c1ccccc1)c1ccccc1,18.88722604949902
13,EVQLVESGGGLVXPGGSLRLSCAASGFTFRSFGMSWVRQAPGKEPEWVSSISGSGSDTLYADSVKGRFTISRDNAKTTLYLQMNSLKPEDTAVYYCTIGGSLSRSSQGTQVTVSSLPE,N[C@H](C(=O)[O-])C(c1ccccc1)c1ccccc1,19.23847297891804
28,EVQLVESGGGLVQPGGSLRLSCAASGFXFRSFGMSWVRQAPGKEPEWVSSISGSGSDTLYADSVKGRFTISRDNAKTTLYLQMNSLKPEDTAVYYCTIGGSLSRSSQGTQVTVSSLPE,N[C@H](C(=O)[O-])C(c1ccccc1)c1ccccc1,19.28621796961246
105,EVQLVESGGGLVQPGGSLRLSCAASGFTFRSFGMSWVRQAPGKEPEWVSSISGSGSDTLYADSVKGRFTISRDNAKTTLYLQMNSLKPEDTAVYYCTIGGSLSRXSQGTQVTVSSLPE,N[C@H](C(=O)[O-])C(c1ccccc1)c1ccccc1,19.42593366622905
39,EVQLVESGGGLVQPGGSLRLSCAASGFTFRSFGMSWVRXAPGKEPEWVSSISGSGSDTLYADSVKGRFTISRDNAKTTLYLQMNSLKPEDTAVYYCTIGGSLSRSSQGTQVTVSSLPE,N[C@H](C(=O)[O-])C(c1ccccc1)c1ccccc1,19.59232899507244
53,EVQLVESGGGLVQPGGSLRLSCAASGFTFRSFGMSWVRQAPGKEPEWVSSISXSGSDTLYADSVKGRFTISRDNAKTTLYLQMNSLKPEDTAVYYCTIGGSLSRSSQGTQVTVSSLPE,N[C@H](C(=O)[O-])C(c1ccccc1)c1ccccc1,19.600949502267007
102,EVQLVESGGGLVQPGGSLRLSCAASGFTFRSFGMSWVRQAPGKEPEWVSSISGSGSDTLYADSVKGRFTISRDNAKTTLYLQMNSLKPEDTAVYYCTIGGSXSRSSQGTQVTVSSLPE,N[C@H](C(=O)[O-])C(c1ccccc1)c1ccccc1,19.63062776179174
45,EVQLVESGGGLVQPGGSLRLSCAASGFTFRSFGMSWVRQAPGKEXEWVSSISGSGSDTLYADSVKGRFTISRDNAKTTLYLQMNSLKPEDTAVYYCTIGGSLSRSSQGTQVTVSSLPE,N[C@H](C(=O)[O-])C(c1ccccc1)c1ccccc1,19.71022576433743
55,EVQLVESGGGLVQPGGSLRLSCAASGFTFRSFGMSWVRQAPGKEPEWVSSISGSXSDTLYADSVKGRFTISRDNAKTTLYLQMNSLKPEDTAVYYCTIGGSLSRSSQGTQVTVSSLPE,N[C@H](C(=O)[O-])C(c1ccccc1)c1ccccc1,19.72748003986209
62,EVQLVESGGGLVQPGGSLRLSCAASGFTFRSFGMSWVRQAPGKEPEWVSSISGSGSDTLYAXSVKGRFTISRDNAKTTLYLQMNSLKPEDTAVYYCTIGGSLSRSSQGTQVTVSSLPE,N[C@H](C(=O)[O-])C(c1ccccc1)c1ccccc1,19.834615941169222
71,EVQLVESGGGLVQPGGSLRLSCAASGFTFRSFGMSWVRQAPGKEPEWVSSISGSGSDTLYADSVKGRFTIXRDNAKTTLYLQMNSLKPEDTAVYYCTIGGSLSRSSQGTQVTVSSLPE,N[C@H](C(=O)[O-])C(c1ccccc1)c1ccccc1,20.058128318666828
14,EVQLVESGGGLVQXGGSLRLSCAASGFTFRSFGMSWVRQAPGKEPEWVSSISGSGSDTLYADSVKGRFTISRDNAKTTLYLQMNSLKPEDTAVYYCTIGGSLSRSSQGTQVTVSSLPE,N[C@H](C(=O)[O-])C(c1ccccc1)c1ccccc1,20.11308636464677
112,EVQLVESGGGLVQPGGSLRLSCAASGFTFRSFGMSWVRQAPGKEPEWVSSISGSGSDTLYADSVKGRFTISRDNAKTTLYLQMNSLKPEDTAVYYCTIGGSLSRSSQGTQVXVSSLPE,N[C@H](C(=O)[O-])C(c1ccccc1)c1ccccc1,20.11494354340759
115,EVQLVESGGGLVQPGGSLRLSCAASGFTFRSFGMSWVRQAPGKEPEWVSSISGSGSDTLYADSVKGRFTISRDNAKTTLYLQMNSLKPEDTAVYYCTIGGSLSRSSQGTQVTVSXLPE,N[C@H](C(=O)[O-])C(c1ccccc1)c1ccccc1,20.16278398117539
91,EVQLVESGGGLVQPGGSLRLSCAASGFTFRSFGMSWVRQAPGKEPEWVSSISGSGSDTLYADSVKGRFTISRDNAKTTLYLQMNSLKPEDXAVYYCTIGGSLSRSSQGTQVTVSSLPE,N[C@H](C(=O)[O-])C(c1ccccc1)c1ccccc1,20.267855924173492
84,EVQLVESGGGLVQPGGSLRLSCAASGFTFRSFGMSWVRQAPGKEPEWVSSISGSGSDTLYADSVKGRFTISRDNAKTTLYLQMXSLKPEDTAVYYCTIGGSLSRSSQGTQVTVSSLPE,N[C@H](C(=O)[O-])C(c1ccccc1)c1ccccc1,20.29551431853004
7,EVQLVEXGGGLVQPGGSLRLSCAASGFTFRSFGMSWVRQAPGKEPEWVSSISGSGSDTLYADSVKGRFTISRDNAKTTLYLQMNSLKPEDTAVYYCTIGGSLSRSSQGTQVTVSSLPE,N[C@H](C(=O)[O-])C(c1ccccc1)c1ccccc1,20.42036256608689
42,EVQLVESGGGLVQPGGSLRLSCAASGFTFRSFGMSWVRQAPXKEPEWVSSISGSGSDTLYADSVKGRFTISRDNAKTTLYLQMNSLKPEDTAVYYCTIGGSLSRSSQGTQVTVSSLPE,N[C@H](C(=O)[O-])C(c1ccccc1)c1ccccc1,20.43906822717642
21,EVQLVESGGGLVQPGGSLRLXCAASGFTFRSFGMSWVRQAPGKEPEWVSSISGSGSDTLYADSVKGRFTISRDNAKTTLYLQMNSLKPEDTAVYYCTIGGSLSRSSQGTQVTVSSLPE,N[C@H](C(=O)[O-])C(c1ccccc1)c1ccccc1,20.53765879863694
15,EVQLVESGGGLVQPXGSLRLSCAASGFTFRSFGMSWVRQAPGKEPEWVSSISGSGSDTLYADSVKGRFTISRDNAKTTLYLQMNSLKPEDTAVYYCTIGGSLSRSSQGTQVTVSSLPE,N[C@H](C(=O)[O-])C(c1ccccc1)c1ccccc1,20.767954883093402
17,EVQLVESGGGLVQPGGXLRLSCAASGFTFRSFGMSWVRQAPGKEPEWVSSISGSGSDTLYADSVKGRFTISRDNAKTTLYLQMNSLKPEDTAVYYCTIGGSLSRSSQGTQVTVSSLPE,N[C@H](C(=O)[O-])C(c1ccccc1)c1ccccc1,20.79940003739591
67,EVQLVESGGGLVQPGGSLRLSCAASGFTFRSFGMSWVRQAPGKEPEWVSSISGSGSDTLYADSVKGXFTISRDNAKTTLYLQMNSLKPEDTAVYYCTIGGSLSRSSQGTQVTVSSLPE,N[C@H](C(=O)[O-])C(c1ccccc1)c1ccccc1,20.829535506965208
66,EVQLVESGGGLVQPGGSLRLSCAASGFTFRSFGMSWVRQAPGKEPEWVSSISGSGSDTLYADSVKXRFTISRDNAKTTLYLQMNSLKPEDTAVYYCTIGGSLSRSSQGTQVTVSSLPE,N[C@H](C(=O)[O-])C(c1ccccc1)c1ccccc1,20.88755626643627
110,EVQLVESGGGLVQPGGSLRLSCAASGFTFRSFGMSWVRQAPGKEPEWVSSISGSGSDTLYADSVKGRFTISRDNAKTTLYLQMNSLKPEDTAVYYCTIGGSLSRSSQGTXVTVSSLPE,N[C@H](C(=O)[O-])C(c1ccccc1)c1ccccc1,20.95415487673746
5,EVQLXESGGGLVQPGGSLRLSCAASGFTFRSFGMSWVRQAPGKEPEWVSSISGSGSDTLYADSVKGRFTISRDNAKTTLYLQMNSLKPEDTAVYYCTIGGSLSRSSQGTQVTVSSLPE,N[C@H](C(=O)[O-])C(c1ccccc1)c1ccccc1,20.95905036944048
10,EVQLVESGGXLVQPGGSLRLSCAASGFTFRSFGMSWVRQAPGKEPEWVSSISGSGSDTLYADSVKGRFTISRDNAKTTLYLQMNSLKPEDTAVYYCTIGGSLSRSSQGTQVTVSSLPE,N[C@H](C(=O)[O-])C(c1ccccc1)c1ccccc1,20.969246702029242
117,EVQLVESGGGLVQPGGSLRLSCAASGFTFRSFGMSWVRQAPGKEPEWVSSISGSGSDTLYADSVKGRFTISRDNAKTTLYLQMNSLKPEDTAVYYCTIGGSLSRSSQGTQVTVSSLXE,N[C@H](C(=O)[O-])C(c1ccccc1)c1ccccc1,21.02558523909365
1,XVQLVESGGGLVQPGGSLRLSCAASGFTFRSFGMSWVRQAPGKEPEWVSSISGSGSDTLYADSVKGRFTISRDNAKTTLYLQMNSLKPEDTAVYYCTIGGSLSRSSQGTQVTVSSLPE,N[C@H](C(=O)[O-])C(c1ccccc1)c1ccccc1,21.19148333713659
106,EVQLVESGGGLVQPGGSLRLSCAASGFTFRSFGMSWVRQAPGKEPEWVSSISGSGSDTLYADSVKGRFTISRDNAKTTLYLQMNSLKPEDTAVYYCTIGGSLSRSXQGTQVTVSSLPE,N[C@H](C(=O)[O-])C(c1ccccc1)c1ccccc1,21.31794298996215
54,EVQLVESGGGLVQPGGSLRLSCAASGFTFRSFGMSWVRQAPGKEPEWVSSISGXGSDTLYADSVKGRFTISRDNAKTTLYLQMNSLKPEDTAVYYCTIGGSLSRSSQGTQVTVSSLPE,N[C@H](C(=O)[O-])C(c1ccccc1)c1ccccc1,21.334531793338158
65,EVQLVESGGGLVQPGGSLRLSCAASGFTFRSFGMSWVRQAPGKEPEWVSSISGSGSDTLYADSVXGRFTISRDNAKTTLYLQMNSLKPEDTAVYYCTIGGSLSRSSQGTQVTVSSLPE,N[C@H](C(=O)[O-])C(c1ccccc1)c1ccccc1,21.34958310511183
40,EVQLVESGGGLVQPGGSLRLSCAASGFTFRSFGMSWVRQXPGKEPEWVSSISGSGSDTLYADSVKGRFTISRDNAKTTLYLQMNSLKPEDTAVYYCTIGGSLSRSSQGTQVTVSSLPE,N[C@H](C(=O)[O-])C(c1ccccc1)c1ccccc1,21.488093133429167
80,EVQLVESGGGLVQPGGSLRLSCAASGFTFRSFGMSWVRQAPGKEPEWVSSISGSGSDTLYADSVKGRFTISRDNAKTTLXLQMNSLKPEDTAVYYCTIGGSLSRSSQGTQVTVSSLPE,N[C@H](C(=O)[O-])C(c1ccccc1)c1ccccc1,21.50426273124021
73,EVQLVESGGGLVQPGGSLRLSCAASGFTFRSFGMSWVRQAPGKEPEWVSSISGSGSDTLYADSVKGRFTISRXNAKTTLYLQMNSLKPEDTAVYYCTIGGSLSRSSQGTQVTVSSLPE,N[C@H](C(=O)[O-])C(c1ccccc1)c1ccccc1,21.84306061207103
60,EVQLVESGGGLVQPGGSLRLSCAASGFTFRSFGMSWVRQAPGKEPEWVSSISGSGSDTLXADSVKGRFTISRDNAKTTLYLQMNSLKPEDTAVYYCTIGGSLSRSSQGTQVTVSSLPE,N[C@H](C(=O)[O-])C(c1ccccc1)c1ccccc1,21.98727524172606
44,EVQLVESGGGLVQPGGSLRLSCAASGFTFRSFGMSWVRQAPGKXPEWVSSISGSGSDTLYADSVKGRFTISRDNAKTTLYLQMNSLKPEDTAVYYCTIGGSLSRSSQGTQVTVSSLPE,N[C@H](C(=O)[O-])C(c1ccccc1)c1ccccc1,21.99443864128821
118,EVQLVESGGGLVQPGGSLRLSCAASGFTFRSFGMSWVRQAPGKEPEWVSSISGSGSDTLYADSVKGRFTISRDNAKTTLYLQMNSLKPEDTAVYYCTIGGSLSRSSQGTQVTVSSLPX,N[C@H](C(=O)[O-])C(c1ccccc1)c1ccccc1,22.17260942731499
12,EVQLVESGGGLXQPGGSLRLSCAASGFTFRSFGMSWVRQAPGKEPEWVSSISGSGSDTLYADSVKGRFTISRDNAKTTLYLQMNSLKPEDTAVYYCTIGGSLSRSSQGTQVTVSSLPE,N[C@H](C(=O)[O-])C(c1ccccc1)c1ccccc1,22.20344016635735
18,EVQLVESGGGLVQPGGSXRLSCAASGFTFRSFGMSWVRQAPGKEPEWVSSISGSGSDTLYADSVKGRFTISRDNAKTTLYLQMNSLKPEDTAVYYCTIGGSLSRSSQGTQVTVSSLPE,N[C@H](C(=O)[O-])C(c1ccccc1)c1ccccc1,22.41246383061906
63,EVQLVESGGGLVQPGGSLRLSCAASGFTFRSFGMSWVRQAPGKEPEWVSSISGSGSDTLYADXVKGRFTISRDNAKTTLYLQMNSLKPEDTAVYYCTIGGSLSRSSQGTQVTVSSLPE,N[C@H](C(=O)[O-])C(c1ccccc1)c1ccccc1,22.51134776812389
74,EVQLVESGGGLVQPGGSLRLSCAASGFTFRSFGMSWVRQAPGKEPEWVSSISGSGSDTLYADSVKGRFTISRDXAKTTLYLQMNSLKPEDTAVYYCTIGGSLSRSSQGTQVTVSSLPE,N[C@H](C(=O)[O-])C(c1ccccc1)c1ccccc1,22.698695567407917
95,EVQLVESGGGLVQPGGSLRLSCAASGFTFRSFGMSWVRQAPGKEPEWVSSISGSGSDTLYADSVKGRFTISRDNAKTTLYLQMNSLKPEDTAVYXCTIGGSLSRSSQGTQVTVSSLPE,N[C@H](C(=O)[O-])C(c1ccccc1)c1ccccc1,22.813335348934352
41,EVQLVESGGGLVQPGGSLRLSCAASGFTFRSFGMSWVRQAXGKEPEWVSSISGSGSDTLYADSVKGRFTISRDNAKTTLYLQMNSLKPEDTAVYYCTIGGSLSRSSQGTQVTVSSLPE,N[C@H](C(=O)[O-])C(c1ccccc1)c1ccccc1,24.0448579016773
27,EVQLVESGGGLVQPGGSLRLSCAASGXTFRSFGMSWVRQAPGKEPEWVSSISGSGSDTLYADSVKGRFTISRDNAKTTLYLQMNSLKPEDTAVYYCTIGGSLSRSSQGTQVTVSSLPE,N[C@H](C(=O)[O-])C(c1ccccc1)c1ccccc1,24.12565194688248
88,EVQLVESGGGLVQPGGSLRLSCAASGFTFRSFGMSWVRQAPGKEPEWVSSISGSGSDTLYADSVKGRFTISRDNAKTTLYLQMNSLKXEDTAVYYCTIGGSLSRSSQGTQVTVSSLPE,N[C@H](C(=O)[O-])C(c1ccccc1)c1ccccc1,24.134719844499738
26,EVQLVESGGGLVQPGGSLRLSCAASXFTFRSFGMSWVRQAPGKEPEWVSSISGSGSDTLYADSVKGRFTISRDNAKTTLYLQMNSLKPEDTAVYYCTIGGSLSRSSQGTQVTVSSLPE,N[C@H](C(=O)[O-])C(c1ccccc1)c1ccccc1,24.4724360893426
82,EVQLVESGGGLVQPGGSLRLSCAASGFTFRSFGMSWVRQAPGKEPEWVSSISGSGSDTLYADSVKGRFTISRDNAKTTLYLXMNSLKPEDTAVYYCTIGGSLSRSSQGTQVTVSSLPE,N[C@H](C(=O)[O-])C(c1ccccc1)c1ccccc1,24.53266618524374
93,EVQLVESGGGLVQPGGSLRLSCAASGFTFRSFGMSWVRQAPGKEPEWVSSISGSGSDTLYADSVKGRFTISRDNAKTTLYLQMNSLKPEDTAXYYCTIGGSLSRSSQGTQVTVSSLPE,N[C@H](C(=O)[O-])C(c1ccccc1)c1ccccc1,25.143786266920298
100,EVQLVESGGGLVQPGGSLRLSCAASGFTFRSFGMSWVRQAPGKEPEWVSSISGSGSDTLYADSVKGRFTISRDNAKTTLYLQMNSLKPEDTAVYYCTIGXSLSRSSQGTQVTVSSLPE,N[C@H](C(=O)[O-])C(c1ccccc1)c1ccccc1,26.77087008534516
38,EVQLVESGGGLVQPGGSLRLSCAASGFTFRSFGMSWVXQAPGKEPEWVSSISGSGSDTLYADSVKGRFTISRDNAKTTLYLQMNSLKPEDTAVYYCTIGGSLSRSSQGTQVTVSSLPE,N[C@H](C(=O)[O-])C(c1ccccc1)c1ccccc1,27.319524355118368
103,EVQLVESGGGLVQPGGSLRLSCAASGFTFRSFGMSWVRQAPGKEPEWVSSISGSGSDTLYADSVKGRFTISRDNAKTTLYLQMNSLKPEDTAVYYCTIGGSLXRSSQGTQVTVSSLPE,N[C@H](C(=O)[O-])C(c1ccccc1)c1ccccc1,28.38984211333704
4,EVQXVESGGGLVQPGGSLRLSCAASGFTFRSFGMSWVRQAPGKEPEWVSSISGSGSDTLYADSVKGRFTISRDNAKTTLYLQMNSLKPEDTAVYYCTIGGSLSRSSQGTQVTVSSLPE,N[C@H](C(=O)[O-])C(c1ccccc1)c1ccccc1,28.786219383194442
97,EVQLVESGGGLVQPGGSLRLSCAASGFTFRSFGMSWVRQAPGKEPEWVSSISGSGSDTLYADSVKGRFTISRDNAKTTLYLQMNSLKPEDTAVYYCXIGGSLSRSSQGTQVTVSSLPE,N[C@H](C(=O)[O-])C(c1ccccc1)c1ccccc1,29.479044318055834
48,EVQLVESGGGLVQPGGSLRLSCAASGFTFRSFGMSWVRQAPGKEPEWXSSISGSGSDTLYADSVKGRFTISRDNAKTTLYLQMNSLKPEDTAVYYCTIGGSLSRSSQGTQVTVSSLPE,N[C@H](C(=O)[O-])C(c1ccccc1)c1ccccc1,29.704632671859493
78,EVQLVESGGGLVQPGGSLRLSCAASGFTFRSFGMSWVRQAPGKEPEWVSSISGSGSDTLYADSVKGRFTISRDNAKTXLYLQMNSLKPEDTAVYYCTIGGSLSRSSQGTQVTVSSLPE,N[C@H](C(=O)[O-])C(c1ccccc1)c1ccccc1,30.627939399266932
47,EVQLVESGGGLVQPGGSLRLSCAASGFTFRSFGMSWVRQAPGKEPEXVSSISGSGSDTLYADSVKGRFTISRDNAKTTLYLQMNSLKPEDTAVYYCTIGGSLSRSSQGTQVTVSSLPE,N[C@H](C(=O)[O-])C(c1ccccc1)c1ccccc1,30.881948898869062
29,EVQLVESGGGLVQPGGSLRLSCAASGFTXRSFGMSWVRQAPGKEPEWVSSISGSGSDTLYADSVKGRFTISRDNAKTTLYLQMNSLKPEDTAVYYCTIGGSLSRSSQGTQVTVSSLPE,N[C@H](C(=O)[O-])C(c1ccccc1)c1ccccc1,31.253621400285944
72,EVQLVESGGGLVQPGGSLRLSCAASGFTFRSFGMSWVRQAPGKEPEWVSSISGSGSDTLYADSVKGRFTISXDNAKTTLYLQMNSLKPEDTAVYYCTIGGSLSRSSQGTQVTVSSLPE,N[C@H](C(=O)[O-])C(c1ccccc1)c1ccccc1,31.83708000095304
109,EVQLVESGGGLVQPGGSLRLSCAASGFTFRSFGMSWVRQAPGKEPEWVSSISGSGSDTLYADSVKGRFTISRDNAKTTLYLQMNSLKPEDTAVYYCTIGGSLSRSSQGXQVTVSSLPE,N[C@H](C(=O)[O-])C(c1ccccc1)c1ccccc1,32.39847221802959
36,EVQLVESGGGLVQPGGSLRLSCAASGFTFRSFGMSXVRQAPGKEPEWVSSISGSGSDTLYADSVKGRFTISRDNAKTTLYLQMNSLKPEDTAVYYCTIGGSLSRSSQGTQVTVSSLPE,N[C@H](C(=O)[O-])C(c1ccccc1)c1ccccc1,32.800275395254936
64,EVQLVESGGGLVQPGGSLRLSCAASGFTFRSFGMSWVRQAPGKEPEWVSSISGSGSDTLYADSXKGRFTISRDNAKTTLYLQMNSLKPEDTAVYYCTIGGSLSRSSQGTQVTVSSLPE,N[C@H](C(=O)[O-])C(c1ccccc1)c1ccccc1,33.32136163442616
51,EVQLVESGGGLVQPGGSLRLSCAASGFTFRSFGMSWVRQAPGKEPEWVSSXSGSGSDTLYADSVKGRFTISRDNAKTTLYLQMNSLKPEDTAVYYCTIGGSLSRSSQGTQVTVSSLPE,N[C@H](C(=O)[O-])C(c1ccccc1)c1ccccc1,36.77764053721309
86,EVQLVESGGGLVQPGGSLRLSCAASGFTFRSFGMSWVRQAPGKEPEWVSSISGSGSDTLYADSVKGRFTISRDNAKTTLYLQMNSXKPEDTAVYYCTIGGSLSRSSQGTQVTVSSLPE,N[C@H](C(=O)[O-])C(c1ccccc1)c1ccccc1,37.46053271975095
83,EVQLVESGGGLVQPGGSLRLSCAASGFTFRSFGMSWVRQAPGKEPEWVSSISGSGSDTLYADSVKGRFTISRDNAKTTLYLQXNSLKPEDTAVYYCTIGGSLSRSSQGTQVTVSSLPE,N[C@H](C(=O)[O-])C(c1ccccc1)c1ccccc1,40.97997207851234
68,EVQLVESGGGLVQPGGSLRLSCAASGFTFRSFGMSWVRQAPGKEPEWVSSISGSGSDTLYADSVKGRXTISRDNAKTTLYLQMNSLKPEDTAVYYCTIGGSLSRSSQGTQVTVSSLPE,N[C@H](C(=O)[O-])C(c1ccccc1)c1ccccc1,42.30396424981118
90,EVQLVESGGGLVQPGGSLRLSCAASGFTFRSFGMSWVRQAPGKEPEWVSSISGSGSDTLYADSVKGRFTISRDNAKTTLYLQMNSLKPEXTAVYYCTIGGSLSRSSQGTQVTVSSLPE,N[C@H](C(=O)[O-])C(c1ccccc1)c1ccccc1,42.37209908096451
34,EVQLVESGGGLVQPGGSLRLSCAASGFTFRSFGXSWVRQAPGKEPEWVSSISGSGSDTLYADSVKGRFTISRDNAKTTLYLQMNSLKPEDTAVYYCTIGGSLSRSSQGTQVTVSSLPE,N[C@H](C(=O)[O-])C(c1ccccc1)c1ccccc1,45.29502376369573
6,EVQLVXSGGGLVQPGGSLRLSCAASGFTFRSFGMSWVRQAPGKEPEWVSSISGSGSDTLYADSVKGRFTISRDNAKTTLYLQMNSLKPEDTAVYYCTIGGSLSRSSQGTQVTVSSLPE,N[C@H](C(=O)[O-])C(c1ccccc1)c1ccccc1,58.12799448625594
94,EVQLVESGGGLVQPGGSLRLSCAASGFTFRSFGMSWVRQAPGKEPEWVSSISGSGSDTLYADSVKGRFTISRDNAKTTLYLQMNSLKPEDTAVXYCTIGGSLSRSSQGTQVTVSSLPE,N[C@H](C(=O)[O-])C(c1ccccc1)c1ccccc1,58.52249378885599
92,EVQLVESGGGLVQPGGSLRLSCAASGFTFRSFGMSWVRQAPGKEPEWVSSISGSGSDTLYADSVKGRFTISRDNAKTTLYLQMNSLKPEDTXVYYCTIGGSLSRSSQGTQVTVSSLPE,N[C@H](C(=O)[O-])C(c1ccccc1)c1ccccc1,67.6263683541226
81,EVQLVESGGGLVQPGGSLRLSCAASGFTFRSFGMSWVRQAPGKEPEWVSSISGSGSDTLYADSVKGRFTISRDNAKTTLYXQMNSLKPEDTAVYYCTIGGSLSRSSQGTQVTVSSLPE,N[C@H](C(=O)[O-])C(c1ccccc1)c1ccccc1,67.63020497612966
70,EVQLVESGGGLVQPGGSLRLSCAASGFTFRSFGMSWVRQAPGKEPEWVSSISGSGSDTLYADSVKGRFTXSRDNAKTTLYLQMNSLKPEDTAVYYCTIGGSLSRSSQGTQVTVSSLPE,N[C@H](C(=O)[O-])C(c1ccccc1)c1ccccc1,68.26902913658314
111,EVQLVESGGGLVQPGGSLRLSCAASGFTFRSFGMSWVRQAPGKEPEWVSSISGSGSDTLYADSVKGRFTISRDNAKTTLYLQMNSLKPEDTAVYYCTIGGSLSRSSQGTQXTVSSLPE,N[C@H](C(=O)[O-])C(c1ccccc1)c1ccccc1,69.15868968341555
49,EVQLVESGGGLVQPGGSLRLSCAASGFTFRSFGMSWVRQAPGKEPEWVXSISGSGSDTLYADSVKGRFTISRDNAKTTLYLQMNSLKPEDTAVYYCTIGGSLSRSSQGTQVTVSSLPE,N[C@H](C(=O)[O-])C(c1ccccc1)c1ccccc1,71.92918397135409
9,EVQLVESGXGLVQPGGSLRLSCAASGFTFRSFGMSWVRQAPGKEPEWVSSISGSGSDTLYADSVKGRFTISRDNAKTTLYLQMNSLKPEDTAVYYCTIGGSLSRSSQGTQVTVSSLPE,N[C@H](C(=O)[O-])C(c1ccccc1)c1ccccc1,75.3401771660199
20,EVQLVESGGGLVQPGGSLRXSCAASGFTFRSFGMSWVRQAPGKEPEWVSSISGSGSDTLYADSVKGRFTISRDNAKTTLYLQMNSLKPEDTAVYYCTIGGSLSRSSQGTQVTVSSLPE,N[C@H](C(=O)[O-])C(c1ccccc1)c1ccccc1,77.0913145615313
108,EVQLVESGGGLVQPGGSLRLSCAASGFTFRSFGMSWVRQAPGKEPEWVSSISGSGSDTLYADSVKGRFTISRDNAKTTLYLQMNSLKPEDTAVYYCTIGGSLSRSSQXTQVTVSSLPE,N[C@H](C(=O)[O-])C(c1ccccc1)c1ccccc1,83.61521530927361
79,EVQLVESGGGLVQPGGSLRLSCAASGFTFRSFGMSWVRQAPGKEPEWVSSISGSGSDTLYADSVKGRFTISRDNAKTTXYLQMNSLKPEDTAVYYCTIGGSLSRSSQGTQVTVSSLPE,N[C@H](C(=O)[O-])C(c1ccccc1)c1ccccc1,84.86056705755261
8,EVQLVESXGGLVQPGGSLRLSCAASGFTFRSFGMSWVRQAPGKEPEWVSSISGSGSDTLYADSVKGRFTISRDNAKTTLYLQMNSLKPEDTAVYYCTIGGSLSRSSQGTQVTVSSLPE,N[C@H](C(=O)[O-])C(c1ccccc1)c1ccccc1,91.1578386861938
24,EVQLVESGGGLVQPGGSLRLSCAXSGFTFRSFGMSWVRQAPGKEPEWVSSISGSGSDTLYADSVKGRFTISRDNAKTTLYLQMNSLKPEDTAVYYCTIGGSLSRSSQGTQVTVSSLPE,N[C@H](C(=O)[O-])C(c1ccccc1)c1ccccc1,103.6527402848607
113,EVQLVESGGGLVQPGGSLRLSCAASGFTFRSFGMSWVRQAPGKEPEWVSSISGSGSDTLYADSVKGRFTISRDNAKTTLYLQMNSLKPEDTAVYYCTIGGSLSRSSQGTQVTXSSLPE,N[C@H](C(=O)[O-])C(c1ccccc1)c1ccccc1,106.8378738961874
